Name,,,,,,,seed
LH_0,0.309,0.979,3.11234,1.12194,0.6685,0.53182,0
LH_1,0.3026,0.9394,3.42001,3.96137,1.03311,1.1607,1
LH_2,0.4282,0.753,0.70613,0.37423,1.96292,0.6272,2
LH_3,0.1906,0.6286,1.60882,0.39887,0.86634,0.86634,3
LH_4,0.1382,0.6874,1.19914,0.27586,0.82188,0.917,4
LH_5,0.3114,0.7006,2.03073,0.34532,1.53368,1.55725,5
LH_6,0.2878,0.785,1.8226,0.77378,1.60993,0.98282,6
LH_7,0.4926,0.7422,1.89474,0.44319,0.79719,1.19168,7
LH_8,0.389,0.7778,0.28678,0.2581,1.69937,1.03598,8
LH_9,0.3866,0.6562,0.3482,0.99585,1.49589,1.82387,9
LH_10,0.4978,0.975,0.66067,2.37841,1.48968,0.7145,10
LH_11,0.457,0.8722,3.81055,0.70028,1.50212,1.78386,11
LH_12,0.4838,0.7222,2.07628,2.30697,1.73508,1.61888,12
LH_13,0.4498,0.619,0.51763,0.40782,1.62338,1.35004,13
LH_14,0.119,0.9102,1.34723,0.94737,1.1704,1.72309,14
LH_15,0.2182,0.7882,0.82473,0.27357,0.5521,1.10573,15
LH_16,0.1402,0.985,1.48452,1.38127,0.69882,1.22179,16
LH_17,0.1274,0.6654,3.86375,1.01819,0.50733,1.98206,17
LH_18,0.135,0.6774,2.33918,2.83235,0.78949,0.53849,18
LH_19,0.339,0.9486,1.30677,2.79336,0.60921,0.94803,19
LH_20,0.2206,0.651,0.27282,2.24389,1.85189,0.61857,20
LH_21,0.4942,0.8518,0.42869,1.33978,1.0274,0.93757,21
LH_22,0.1566,0.8418,0.61132,0.80664,0.887,1.00208,22
LH_23,0.3222,0.9282,2.71697,3.45815,0.52377,1.22859,23
LH_24,0.2366,0.6746,0.42279,3.31728,0.57714,1.5252,24
LH_25,0.1326,0.7938,1.05263,3.9504,0.5445,0.56762,25
LH_26,0.2842,0.723,1.13761,3.03564,1.73267,1.32409,26
LH_27,0.2478,0.8318,0.69255,1.31039,0.57475,1.01326,27
LH_28,0.4366,0.9886,0.39557,1.14076,0.70956,0.79059,28
LH_29,0.329,0.7746,1.22603,2.15846,0.72247,1.6644,29
LH_30,0.131,0.7126,1.32134,0.31952,1.70173,0.50733,30
LH_31,0.4302,0.881,3.77899,0.85976,1.90396,0.77325,31
LH_32,0.4494,0.8646,0.43107,1.05555,1.09657,1.24401,32
LH_33,0.2018,0.8778,2.29421,0.39777,0.63508,1.20832,33
LH_34,0.4958,0.7782,1.62225,3.46775,1.71594,1.42701,34
LH_35,0.2154,0.849,0.30481,1.96428,1.1607,0.57236,35
LH_36,0.4778,0.8754,2.28786,0.27971,0.72447,0.50804,36
LH_37,0.4146,0.871,2.92006,2.99385,1.41323,1.92786,37
LH_38,0.409,0.7286,2.57041,0.42396,1.13524,1.43098,38
LH_39,0.2042,0.671,2.73967,0.33402,1.44693,1.57462,39
LH_40,0.1254,0.9342,2.88786,1.36226,1.31859,0.96527,40
LH_41,0.4562,0.8866,0.68113,2.4932,1.68296,1.78881,41
LH_42,0.3454,0.9822,2.77022,0.87661,0.68444,1.90396,42
LH_43,0.1142,0.6202,2.97729,0.2617,1.22179,1.37459,43
LH_44,0.2098,0.8198,1.94261,0.26243,0.6342,0.80944,44
LH_45,0.1322,0.9286,3.13834,2.76255,0.80497,0.67129,45
LH_46,0.449,0.657,1.43993,3.00216,1.12584,0.52961,46
LH_47,0.3218,0.7374,0.53366,1.60882,0.50035,0.77432,47
LH_48,0.4794,0.9706,0.79775,1.99723,0.61771,1.05336,48
LH_49,0.4702,0.6598,1.25006,1.18263,1.32777,1.44693,49
LH_50,0.365,0.6906,0.50768,0.59132,1.49381,1.55509,50
LH_51,0.1002,0.6422,1.48041,0.26536,0.96393,1.34817,51
LH_52,0.2302,0.7582,3.20872,0.38369,1.79876,1.54649,52
LH_53,0.1914,0.7386,0.36602,0.56723,0.59337,1.69702,53
LH_54,0.2378,0.6914,0.52196,0.8179,1.05336,0.67315,54
LH_55,0.1598,0.7562,0.31165,0.65702,0.7797,1.78633,55
LH_56,0.1802,0.8686,1.73869,1.09429,0.90438,0.50453,56
LH_57,0.1838,0.9018,3.64521,0.31513,0.97198,1.52944,57
LH_58,0.237,0.8118,3.09513,0.32219,1.32042,0.88823,58
LH_59,0.4438,0.9218,0.36704,2.18859,1.34257,1.2201,59
LH_60,0.3042,0.9866,0.97671,1.54328,0.80832,0.57475,60
LH_61,0.4046,0.9702,1.9752,0.35601,1.00347,1.16393,61
LH_62,0.3706,0.653,0.53812,0.65884,1.29504,1.27191,62
LH_63,0.1878,0.8074,0.30062,0.28205,0.81847,0.65565,63
LH_64,0.2914,0.7798,3.9834,2.28153,1.13839,1.62789,64
LH_65,0.3294,0.7498,0.33588,3.29893,1.99032,1.08147,65
LH_66,0.4026,0.931,0.33495,0.25455,1.10726,1.57899,66
LH_67,0.2838,0.8298,0.4803,1.46815,1.16231,1.76174,67
LH_68,0.2234,0.8942,2.30058,0.58805,1.1321,1.85703,68
LH_69,0.3082,0.8782,0.5946,0.30566,1.40153,0.50663,69
LH_70,0.475,0.8786,0.63905,0.55633,1.57243,1.64148,70
LH_71,0.4726,0.7954,1.67249,0.4383,1.50629,0.64305,71
LH_72,0.2778,0.7182,0.46073,3.605,1.20999,0.63332,72
LH_73,0.1066,0.9378,0.26389,0.53514,0.83451,1.06807,73
LH_74,0.2822,0.7242,1.58667,0.26981,1.32961,0.98966,74
LH_75,0.1154,0.7642,0.25104,0.61814,1.80625,1.85961,75
LH_76,0.2158,0.9978,0.46458,0.28917,0.83335,1.00765,76
LH_77,0.4938,0.7082,1.93187,0.25104,0.56058,0.72247,77
LH_78,0.3506,0.863,2.4863,1.03814,0.50243,0.55363,78
LH_79,0.3922,0.9146,0.59625,3.51616,1.41128,0.68444,79
LH_80,0.187,0.7738,2.62806,1.80751,1.48144,1.47529,80
LH_81,0.4402,0.8986,1.00139,0.69064,0.8196,0.99378,81
LH_82,0.1074,0.8474,1.03814,0.45946,0.7626,1.70882,82
LH_83,0.399,0.9306,1.70055,0.29978,0.62807,0.64842,83
LH_84,0.2718,0.6762,0.33868,0.40669,0.56999,1.30405,84
LH_85,0.4626,0.797,1.40056,2.66475,0.86035,1.36888,85
LH_86,0.2886,0.745,1.75321,0.5162,1.26488,1.23542,86
LH_87,0.3166,0.855,2.65001,0.54261,0.54829,0.58927,87
LH_88,0.217,0.8426,0.52924,0.46329,1.39959,0.53108,88
LH_89,0.133,0.8478,1.38127,2.16445,1.60325,1.91454,89
LH_90,0.2358,0.7842,1.18921,2.50012,1.2492,0.95993,90
LH_91,0.3118,0.9414,3.28069,0.72799,1.14631,0.52087,91
LH_92,0.477,0.9254,1.67714,1.18921,0.61942,1.03886,92
LH_93,0.3174,0.8274,0.26906,3.39168,0.6816,1.67597,93
LH_94,0.1646,0.7814,1.08824,1.98069,0.89193,0.616,94
LH_95,0.2938,0.9906,0.61643,3.21763,1.13367,0.55133,95
LH_96,0.1946,0.7558,0.86934,0.87904,0.53255,0.74484,96
LH_97,0.241,0.8762,3.61501,0.71797,1.88557,0.72951,97
LH_98,0.1394,0.945,0.75681,0.32488,0.50945,1.55294,98
LH_99,0.213,0.9182,1.49692,0.41351,0.60332,0.58196,99
LH_100,0.459,0.943,3.97237,0.91383,1.22688,0.93887,100
LH_101,0.143,0.9586,0.77378,0.94475,0.62546,1.6077,101
LH_102,0.1194,0.7042,0.72598,3.57514,1.89605,1.45498,102
LH_103,0.2486,0.8058,1.69584,3.82113,0.90188,0.66204,103
LH_104,0.3138,0.8222,2.83235,1.81756,1.63694,0.90563,104
LH_105,0.3726,0.9522,0.5162,0.90626,0.70271,0.79609,105
LH_106,0.285,0.851,3.67565,3.70635,0.59419,1.40542,106
LH_107,0.2946,0.6318,0.51051,0.92659,1.11497,1.13839,107
LH_108,0.4986,0.6302,1.31039,2.38502,0.51799,0.62287,108
LH_109,0.3838,0.9118,0.87176,2.4863,0.73969,0.93368,109
LH_110,0.2062,0.827,0.94213,0.69448,1.77645,0.6648,110
LH_111,0.105,0.7846,1.8025,0.46716,1.26313,0.64932,111
LH_112,0.197,0.7338,0.62503,0.91637,0.54753,1.77399,112
LH_113,0.3234,0.8334,0.2617,0.27433,0.68539,0.60416,113
LH_114,0.2614,0.9022,2.62079,0.33774,0.84031,1.23713,114
LH_115,0.2502,0.6254,1.56917,0.30481,1.64376,0.72146,115
LH_116,0.3742,0.6702,3.01885,1.9917,1.06511,1.06363,116
LH_117,0.2746,0.8154,0.82017,1.04391,0.64483,1.6529,117
LH_118,0.1078,0.997,0.25525,1.36983,0.58277,1.27368,118
LH_119,0.3466,0.9834,1.32869,1.11574,0.52668,0.83105,119
LH_120,0.1174,0.8914,1.85318,0.58968,0.89069,1.65979,120
LH_121,0.2134,0.877,0.83162,0.45063,1.60103,1.19665,121
LH_122,0.107,0.7446,1.11265,1.61328,0.9586,0.95727,122
LH_123,0.1246,0.643,0.3701,2.63536,1.39765,1.5042,123
LH_124,0.3478,0.8558,0.45063,1.86348,1.35191,0.66757,124
LH_125,0.4006,0.9246,1.88949,0.72196,1.65061,0.97468,125
LH_126,0.255,0.7266,0.60963,1.53475,1.93858,0.68349,126
LH_127,0.1422,0.791,0.50208,0.4938,1.08147,0.79719,127
LH_128,0.3438,0.681,1.79253,2.31338,1.48349,0.69303,128
LH_129,0.4574,0.899,0.54563,0.68113,1.29684,1.32593,129
LH_130,0.3962,0.7114,0.97131,0.364,0.68729,1.89343,130
LH_131,0.3938,0.841,0.50069,0.34724,0.84382,1.09962,131
LH_132,0.2638,0.7094,0.53514,0.34917,0.87357,1.61217,132
LH_133,0.3658,0.8658,0.41812,1.40056,1.83147,1.76908,133
LH_134,0.2406,0.873,1.41618,2.57041,1.25788,0.8162,134
LH_135,0.4166,0.887,1.25353,1.58667,1.28788,0.85323,135
LH_136,0.3622,0.6494,0.78241,1.9752,1.52098,1.3113,136
LH_137,0.3538,0.7086,0.85976,0.34628,0.80608,1.56157,137
LH_138,0.1034,0.7606,0.70222,0.72598,0.68825,0.58358,138
LH_139,0.3766,0.9138,2.85601,0.68682,0.51727,1.09051,139
LH_140,0.1562,0.9418,1.96428,2.77022,0.66021,0.50174,140
LH_141,0.2742,0.6338,0.41009,3.71664,0.76472,0.64127,141
LH_142,0.425,0.8102,0.27433,1.69584,0.62114,1.47734,142
LH_143,0.1586,0.6878,0.43227,0.51763,0.917,0.69979,143
LH_144,0.3578,0.7586,1.02669,2.12874,1.76908,0.51871,144
LH_145,0.1046,0.7626,1.27103,0.43107,1.55509,1.02883,145
LH_146,0.447,0.6154,1.49278,1.33237,1.04174,1.82893,146
LH_147,0.2954,0.903,3.01049,0.27206,0.53108,1.43694,147
LH_148,0.1418,0.9042,1.73388,1.17283,0.83567,0.65022,148
LH_149,0.373,0.6454,1.9917,0.44074,1.52732,0.5637,149
LH_150,0.3038,0.715,1.18591,0.48971,0.64038,1.3765,150
LH_151,0.2198,0.9754,1.30315,0.27509,1.35566,1.96564,151
LH_152,0.3398,0.8018,0.855,0.6625,0.77539,1.39378,152
LH_153,0.1102,0.7722,0.32219,0.51192,1.69232,1.14472,153
LH_154,0.2538,0.7178,3.21763,0.28678,0.90313,1.70645,154
LH_155,0.3798,0.6014,0.33681,1.35097,0.95066,1.13367,155
LH_156,0.2834,0.665,2.43851,0.35014,1.88035,1.71119,156
LH_157,0.3442,0.7106,1.66324,0.25739,1.62789,1.81378,157
LH_158,0.3698,0.7598,2.12874,0.57038,0.85916,0.8276,158
LH_159,0.3834,0.8374,2.53503,0.47897,0.69592,0.96126,159
LH_160,0.205,0.9718,2.41162,0.93433,0.55826,1.26663,160
LH_161,0.2446,0.6854,0.73408,1.04972,1.04608,1.38992,161
LH_162,0.1774,0.9658,0.34436,2.21299,1.48555,0.77647,162
LH_163,0.337,0.9498,0.57674,1.70527,0.67036,1.07699,163
LH_164,0.4258,0.7018,0.75054,1.0324,1.51467,0.74794,164
LH_165,0.4338,0.6614,0.53663,2.85601,0.87843,0.61685,165
LH_166,0.3186,0.8666,0.85027,1.56482,1.2033,1.42899,166
LH_167,0.3882,0.9642,1.79751,0.35404,0.61005,0.7884,167
LH_168,0.1458,0.6522,2.11111,2.37183,0.50804,1.38223,168
LH_169,0.1678,0.8042,3.89602,0.25953,1.58997,0.99931,169
LH_170,0.1622,0.9818,1.65405,0.28361,0.53329,0.57955,170
LH_171,0.307,0.9202,1.6449,0.30145,0.52159,1.27899,171
LH_172,0.201,0.7994,2.84021,0.69255,1.37268,1.41519,172
LH_173,0.2762,0.661,1.00696,1.74836,1.81378,1.53581,173
LH_174,0.327,0.9638,0.25596,1.22944,0.89689,0.86394,174
LH_175,0.275,0.847,0.32041,2.92006,0.75419,1.61664,175
LH_176,0.2978,0.923,0.35404,1.64035,0.98966,0.97063,176
LH_177,0.4118,0.7054,0.62677,0.65157,1.28076,1.35943,177
LH_178,0.1698,0.7318,0.76313,0.38475,1.10114,1.30224,178
LH_179,0.4238,0.7034,0.28997,0.78025,1.5966,0.63772,179
LH_180,0.3246,0.977,0.91383,1.61776,0.69016,0.82188,180
LH_181,0.4198,0.9518,0.52632,0.41009,1.30044,0.76049,181
LH_182,0.145,0.8286,0.98214,0.632,1.19003,0.62028,182
LH_183,0.137,0.629,2.80889,0.54715,1.752,1.00486,183
LH_184,0.1718,0.751,3.36359,0.52924,1.40347,0.68825,184
LH_185,0.3054,0.809,3.73731,3.81055,1.38223,0.66388,185
LH_186,0.2242,0.927,3.78948,0.30907,0.5137,1.84933,186
LH_187,0.2166,0.615,0.88638,2.40494,1.0203,0.51799,187
LH_188,0.103,0.9122,0.51192,0.26098,1.01889,1.72548,188
LH_189,0.1542,0.6738,0.50348,3.66547,0.74484,1.48144,189
LH_190,0.4466,0.983,1.22264,3.16455,0.9132,0.59502,190
LH_191,0.4658,0.6502,0.27357,0.54867,0.95993,0.51299,191
LH_192,0.1058,0.9326,1.50943,1.46003,0.82531,1.42109,192
LH_193,0.2046,0.869,2.58471,2.71697,1.93589,0.83915,193
LH_194,0.4874,0.8554,0.39338,1.57789,1.75443,0.91447,194
LH_195,0.4038,0.8502,1.81252,0.75681,1.56157,1.07103,195
LH_196,0.1378,0.7706,0.28049,0.98214,1.40542,1.15589,196
LH_197,0.273,0.7166,0.31688,3.42001,1.03455,1.5966,197
LH_198,0.1494,0.7762,0.26462,1.13131,0.58682,1.31494,198
LH_199,0.3518,0.8442,1.50525,0.61472,0.96661,1.23029,199
LH_200,0.2114,0.6198,0.54111,3.09513,1.82387,1.22349,200
LH_201,0.1794,0.8238,2.04202,3.04407,0.53403,1.65061,201
LH_202,0.2966,0.6498,0.81338,0.66989,1.12896,1.05629,202
LH_203,0.4022,0.7694,0.25314,1.49692,1.67597,0.68539,203
LH_204,0.2262,0.765,1.83274,0.95,0.6892,0.67502,204
LH_205,0.1282,0.789,0.90626,1.10038,1.09809,1.26313,205
LH_206,0.411,0.6922,1.86348,1.88426,1.69702,1.18838,206
LH_207,0.1122,0.6718,0.487,0.67362,1.11188,0.81847,207
LH_208,0.1346,0.9838,2.99385,0.30993,1.60547,0.5975,208
LH_209,0.4014,0.759,0.53961,1.92652,1.24574,0.98555,209
LH_210,0.2714,0.9338,0.36299,0.74639,0.77325,1.68763,210
LH_211,0.3386,0.7354,0.66989,0.82932,0.93757,0.82531,211
LH_212,0.4294,0.6674,0.81564,2.59908,1.70645,1.18345,212
LH_213,0.4274,0.9562,3.58507,1.07923,0.60249,1.06659,213
LH_214,0.3862,0.649,3.91768,3.93947,0.6648,0.65384,214
LH_215,0.4806,0.7246,0.32669,3.99446,1.30949,0.51441,215
LH_216,0.4242,0.7406,0.25174,0.33681,0.87478,1.48349,216
LH_217,0.471,0.959,0.58642,1.38511,0.78295,1.4651,217
LH_218,0.1502,0.743,0.92402,0.34246,1.03025,0.52304,218
LH_219,0.4506,0.9598,0.47369,1.43993,1.23713,1.56374,219
LH_220,0.3322,0.8878,0.65884,1.48865,1.97383,0.53626,220
LH_221,0.249,0.8142,0.27131,0.79996,0.72046,1.89868,221
LH_222,0.2986,0.6398,0.82702,0.41697,0.53034,1.1591,222
LH_223,0.419,0.7074,0.50488,2.7549,0.99516,1.10726,223
LH_224,0.1682,0.8186,2.82451,3.30809,1.2861,0.9924,224
LH_225,0.1658,0.6002,2.52801,0.33588,1.27191,0.6342,225
LH_226,0.2354,0.8066,1.91587,2.17648,1.3333,0.53477,226
LH_227,0.3666,0.6722,0.80441,1.66786,0.9924,1.17528,227
LH_228,0.2682,0.7494,2.51403,2.03073,0.55671,0.76897,228
LH_229,0.1982,0.6782,0.27509,1.78262,0.97874,0.94278,229
LH_230,0.379,0.6542,0.37113,0.42514,0.9533,1.19003,230
LH_231,0.3002,0.9902,0.95,1.71,0.96795,1.73748,231
LH_232,0.185,0.7926,0.29566,0.38051,0.8556,0.65656,232
LH_233,0.1038,0.6342,1.20247,0.55019,0.59915,1.19499,233
LH_234,0.4426,0.9126,0.96594,2.54206,1.77892,0.87236,234
LH_235,0.435,0.9998,0.32579,1.83274,0.88209,1.54221,235
LH_236,0.3134,0.9446,0.62157,3.68586,0.74587,1.66902,236
LH_237,0.2318,0.9366,0.54261,0.48297,1.78633,1.45902,237
LH_238,0.2162,0.9098,0.73204,0.50348,1.01748,1.30586,238
LH_239,0.2458,0.8266,2.25636,2.26891,1.73027,1.1704,239
LH_240,0.1182,0.803,0.55942,0.37736,1.92786,0.67877,240
LH_241,0.3986,0.609,0.26026,0.56566,0.95462,0.6593,241
LH_242,0.1538,0.9142,3.65533,0.68873,0.63772,0.76791,242
LH_243,0.2058,0.8874,0.31776,1.94261,0.79941,1.337,243
LH_244,0.2146,0.6778,2.96905,1.11884,1.95477,1.71356,244
LH_245,0.4678,0.6622,0.47237,3.01049,1.28432,0.66113,245
LH_246,0.4154,0.779,0.974,1.10343,0.61259,1.07252,246
LH_247,0.2542,0.6794,0.86694,0.59957,1.34443,0.79499,247
LH_248,0.235,0.647,3.57514,2.62806,1.5768,1.74957,248
LH_249,0.3966,0.6074,1.5305,0.61132,0.98146,1.07848,249
LH_250,0.203,0.7482,1.14076,0.37113,0.66296,0.58682,250
LH_251,0.2074,0.7486,2.24389,0.89627,0.70076,0.67689,251
LH_252,0.3458,0.6974,0.66619,1.42011,0.9801,1.73027,252
LH_253,0.2926,0.7134,0.88148,0.26609,0.78079,0.69882,253
LH_254,0.183,0.7986,1.17283,2.07053,1.91189,0.79388,254
LH_255,0.393,0.853,0.37319,0.96059,1.089,0.60082,255
LH_256,0.2314,0.6698,0.55787,1.24315,1.97657,1.1479,256
LH_257,0.3782,0.9946,2.03637,0.25667,1.93053,1.0274,257
LH_258,0.3618,0.9006,0.78895,0.52051,0.82645,0.67036,258
LH_259,0.4218,0.933,0.40332,0.86934,0.79609,0.5544,259
LH_260,0.4998,0.829,0.31079,1.85832,1.52944,0.71648,260
LH_261,0.445,0.901,1.38896,0.82245,0.72951,0.57316,261
LH_262,0.3814,0.9986,1.84805,3.18215,0.78404,1.11806,262
LH_263,0.1166,0.8158,0.38582,0.37527,0.86394,1.35379,263
LH_264,0.4786,0.8594,0.714,0.39447,1.54435,0.9533,264
LH_265,0.4318,0.7066,2.96083,0.38582,1.16554,1.0519,265
LH_266,0.1022,0.9206,2.73208,1.50525,1.36888,1.7593,266
LH_267,0.4054,0.8302,0.39667,0.93174,1.01607,0.74587,267
LH_268,0.429,0.7118,0.71203,1.5305,1.76418,1.24229,268
LH_269,0.3014,0.8894,1.24315,0.62503,0.89565,1.00069,269
LH_270,0.439,0.7898,0.6233,0.31688,1.46917,0.59832,270
LH_271,0.485,0.6426,3.82113,0.36501,1.79626,1.6783,271
LH_272,0.4526,0.7634,0.60123,0.67736,0.7884,0.9132,272
LH_273,0.263,0.6634,3.53571,0.57674,1.79378,1.01748,273
LH_274,0.3362,0.6418,2.20076,2.94445,1.06216,0.61174,274
LH_275,0.1474,0.7742,1.87905,1.44794,1.2201,0.87843,275
LH_276,0.1546,0.8394,2.37183,0.38797,1.54649,0.58035,276
LH_277,0.333,0.8766,0.45313,2.17046,1.94127,0.89689,277
LH_278,0.3034,0.8278,2.47255,1.19914,1.98481,1.21167,278
LH_279,0.4114,0.6658,1.21251,0.7695,0.65384,0.95595,279
LH_280,0.351,0.9878,1.1065,2.42503,1.87514,0.59009,280
LH_281,0.1842,0.7058,1.66786,2.80111,1.47529,1.9172,281
LH_282,0.4738,0.8982,0.53219,1.43594,1.02314,0.51086,282
LH_283,0.257,0.893,1.14711,2.23767,1.6144,0.58601,283
LH_284,0.2974,0.9174,3.12965,1.01255,1.35379,0.53329,284
LH_285,0.2462,0.7402,0.52051,0.85263,0.86874,0.74691,285
LH_286,0.469,0.6818,0.54715,0.41812,1.3463,1.06955,286
LH_287,0.2226,0.9178,0.3784,1.37364,0.58439,1.36509,287
LH_288,0.3998,0.839,0.38156,2.13465,1.05482,0.91955,288
LH_289,0.3502,0.781,0.34917,0.52778,1.00208,1.42504,289
LH_290,0.225,0.953,0.50628,1.84805,0.86155,1.21841,290
LH_291,0.2958,0.963,0.26098,0.86454,0.51871,0.80051,291
LH_292,0.4634,0.917,2.7549,3.05252,0.69112,0.81057,292
LH_293,0.1218,0.7206,2.41831,0.37945,0.84499,0.88946,293
LH_294,0.195,0.7342,1.23628,0.86694,0.68066,1.36131,294
LH_295,0.2622,0.7758,0.99034,1.06142,1.21335,1.33886,295
LH_296,0.221,0.6486,3.99446,0.87176,0.74691,0.53775,296
LH_297,0.4546,0.761,2.4932,2.5562,1.88818,0.88087,297
LH_298,0.1198,0.7818,0.58156,0.53219,1.50838,0.52814,298
LH_299,0.1258,0.9186,0.94737,1.38896,1.27368,0.7983,299
LH_300,0.2934,0.8902,0.94475,3.53571,0.95198,0.94934,300
LH_301,0.1826,0.9746,1.15029,0.26683,1.15749,0.67783,301
LH_302,0.2962,0.9662,0.48565,1.81252,0.59667,0.52015,302
LH_303,0.3266,0.8642,0.49517,0.48431,1.93321,1.93589,303
LH_304,0.2818,0.7566,2.54206,3.9834,1.44894,1.52098,304
LH_305,0.2794,0.937,0.39229,0.88884,0.57157,1.8163,305
LH_306,0.1358,0.8382,0.2924,0.33033,0.97468,0.74898,306
LH_307,0.4586,0.6214,0.37631,0.35111,1.46307,0.9586,307
LH_308,0.3558,0.8026,0.33774,2.05908,0.74794,0.63244,308
LH_309,0.4902,0.689,0.42988,1.35472,0.80163,0.71153,309
LH_310,0.4646,0.6322,0.82932,3.06099,1.75686,0.96661,310
LH_311,0.4846,0.6402,0.58805,0.53366,1.06955,1.01045,311
LH_312,0.2634,0.6534,0.77593,0.47237,0.52015,0.63861,312
LH_313,0.2902,0.6326,0.39777,0.40109,0.94671,0.52595,313
LH_314,0.1654,0.9162,3.83174,2.3327,0.54981,0.59667,314
LH_315,0.1594,0.9806,0.60626,1.42405,0.59584,1.58777,315
LH_316,0.2618,0.6266,1.42011,1.74352,0.56762,0.54074,316
LH_317,0.1558,0.9938,1.92652,0.75054,1.06807,0.55057,317
LH_318,0.1726,0.7922,3.96137,3.91768,0.53626,1.08749,318
LH_319,0.271,0.8578,2.10526,0.77593,0.54677,1.82134,319
LH_320,0.1762,0.9782,0.34151,3.52592,0.66943,1.58997,320
LH_321,0.4878,0.9314,0.28361,1.32869,1.17691,0.84733,321
LH_322,0.3302,0.9814,0.34532,1.2605,0.94017,0.83451,322
LH_323,0.321,0.7146,0.36098,0.73204,0.5637,0.87115,323
LH_324,0.2138,0.9958,2.18253,0.90125,1.82893,1.18017,324
LH_325,0.2398,0.6118,0.74432,0.3784,0.8276,1.01607,325
LH_326,0.4486,0.8738,2.32624,3.32649,1.41519,1.19334,326
LH_327,0.3018,0.7378,0.40444,1.25353,1.0519,0.70466,327
LH_328,0.4042,0.7662,0.357,0.26906,0.55748,0.77755,328
LH_329,0.3498,0.9802,0.79333,0.50909,1.53581,0.63596,329
LH_330,0.1242,0.941,0.93174,0.54412,1.00765,0.64662,330
LH_331,0.361,0.8954,2.94445,0.28598,0.66388,0.64394,331
LH_332,0.1978,0.7366,2.13465,3.88523,1.67133,0.79941,332
LH_333,0.387,0.8734,1.02101,2.11697,0.91828,1.46713,333
LH_334,0.2562,0.9234,2.5562,1.26751,0.54525,0.94017,334
LH_335,0.2298,0.7458,1.91057,3.97237,0.83683,0.80385,335
LH_336,0.1994,0.6206,3.07801,0.27893,1.67365,0.83567,336
LH_337,0.2858,0.8846,0.86454,3.58507,0.7521,0.53552,337
LH_338,0.2758,0.6846,0.46329,0.70222,1.11961,0.66021,338
LH_339,0.4298,0.9134,0.85738,1.00139,0.7983,0.50593,339
LH_340,0.2602,0.991,1.09733,0.32399,0.70174,1.83655,340
LH_341,0.2626,0.9222,2.37841,0.25882,1.78881,0.90438,341
LH_342,0.287,0.8022,1.31403,1.57352,0.71252,1.00347,342
LH_343,0.2734,0.655,0.25455,0.3213,1.42899,0.7521,343
LH_344,0.1214,0.8678,0.32942,1.31768,1.62563,1.71594,344
LH_345,0.4102,0.9982,1.46815,2.53503,1.44493,1.74473,345
LH_346,0.443,0.6806,0.73816,0.46976,0.60668,0.8556,346
LH_347,0.473,0.6842,2.87986,1.25006,1.13997,1.72071,347
LH_348,0.2598,0.9942,0.87418,0.47107,0.71847,0.71252,348
LH_349,0.3642,0.9546,0.36806,0.36908,1.07699,0.68729,349
LH_350,0.2506,0.7522,0.90375,0.39338,0.82302,0.81282,350
LH_351,0.3942,0.7362,0.60458,1.82766,0.52522,0.91828,351
LH_352,0.1898,0.7794,0.30736,0.82473,0.52449,0.53034,352
LH_353,0.3918,0.8662,0.27971,2.0195,1.91986,0.97333,353
LH_354,0.3402,0.7906,1.9,0.31079,0.65838,1.35191,354
LH_355,0.1734,0.9698,0.46201,0.82017,0.51015,1.68997,355
LH_356,0.323,0.6442,0.29402,0.88638,0.54299,0.89813,356
LH_357,0.4798,0.9294,2.63536,3.72696,0.74381,0.62114,357
LH_358,0.397,0.907,0.73002,1.02954,0.76578,0.57634,358
LH_359,0.453,0.969,0.67924,0.39121,0.51441,1.67365,359
LH_360,0.4082,0.7622,1.90528,1.77276,0.52961,1.11188,360
LH_361,0.1638,0.8094,0.72799,0.61643,0.66757,0.6892,361
LH_362,0.151,0.8886,1.35849,0.33217,1.29864,1.46104,362
LH_363,0.341,0.8978,1.99723,1.55186,0.92723,0.86274,363
LH_364,0.2342,0.6666,0.25035,1.06733,0.50523,0.88454,364
LH_365,0.4762,0.709,0.68492,0.57355,1.78139,0.75944,365
LH_366,0.1806,0.8358,0.9876,1.72907,1.62113,0.95462,366
LH_367,0.4714,0.7602,0.99585,1.53901,0.56136,1.76418,367
LH_368,0.2786,0.8326,1.74352,0.38904,0.88454,1.62113,368
LH_369,0.2306,0.8586,2.92817,0.90878,0.71055,0.8196,369
LH_370,0.3714,0.6514,3.08656,2.33918,0.75944,0.84031,370
LH_371,0.1998,0.6894,0.77809,2.59188,0.70466,0.70564,371
LH_372,0.127,0.6766,1.07624,3.24451,1.86736,1.99032,372
LH_373,0.4974,0.8742,2.64268,0.41123,0.5544,0.77862,373
LH_374,0.1886,0.9382,2.40494,1.08222,1.06069,0.79278,374
LH_375,0.245,0.7514,3.41054,1.2466,0.63244,1.51467,375
LH_376,0.3562,0.9582,0.97942,0.35998,1.19665,0.89193,376
LH_377,0.2574,0.6886,2.59908,0.40895,1.84676,1.31859,377
LH_378,0.3162,0.8482,0.87661,0.94213,0.78622,1.04464,378
LH_379,0.2094,0.9266,0.90878,3.59502,1.81882,0.6816,379
LH_380,0.3802,0.6646,2.18859,0.84323,1.35004,0.77218,380
LH_381,0.1362,0.7098,2.36526,0.43952,1.18674,0.89565,381
LH_382,0.3318,0.8494,0.62851,2.62079,1.17365,1.91189,382
LH_383,0.1138,0.889,0.61472,0.72397,0.91067,0.92338,383
LH_384,0.3326,0.687,3.92856,1.28877,1.65519,0.85678,384
LH_385,0.117,0.8398,0.98487,0.5688,1.63241,1.43495,385
LH_386,0.3526,0.7078,2.45888,3.76853,1.52309,0.81734,386
LH_387,0.499,0.777,1.16312,0.62677,1.76663,1.09202,387
LH_388,0.1186,0.669,2.39828,0.35503,1.15589,1.74715,388
LH_389,0.4722,0.955,1.27456,0.68302,0.73052,0.9298,389
LH_390,0.4982,0.965,2.67957,0.26757,1.38032,0.56841,390
LH_391,0.3646,0.7186,0.84557,2.52101,0.81394,0.54981,391
LH_392,0.223,0.9846,0.36501,0.30062,1.31494,1.68296,392
LH_393,0.4358,0.9542,0.50909,0.42632,1.68529,1.38415,393
LH_394,0.2518,0.733,3.84238,0.30397,0.76897,0.55671,394
LH_395,0.4602,0.7962,0.78025,0.37216,1.30224,1.8264,395
LH_396,0.4398,0.915,0.30145,1.50108,0.91193,0.78731,396
LH_397,0.1374,0.8378,1.76786,1.63127,1.89868,0.99792,397
LH_398,0.173,0.721,1.57352,2.25012,0.65112,1.25614,398
LH_399,0.4262,0.9882,0.52486,0.3701,1.05775,1.87514,399
LH_400,0.2426,0.7502,0.89379,3.28069,0.73154,1.0203,400
LH_401,0.359,0.719,0.33309,0.83625,0.52595,1.45095,401
LH_402,0.1862,0.989,1.17609,0.59625,0.90689,1.52732,402
LH_403,0.415,0.7574,1.40834,2.57755,0.51157,0.82416,403
LH_404,0.4858,0.6926,1.10957,1.02669,1.72071,1.91986,404
LH_405,0.4542,0.905,0.4938,1.12818,0.55903,1.39959,405
LH_406,0.2554,0.807,0.49931,0.29484,1.56374,0.98692,406
LH_407,0.4922,0.7062,2.05908,0.36704,1.1088,1.02456,407
LH_408,0.3482,0.7418,3.18215,3.54553,0.53182,1.99308,408
LH_409,0.155,0.7454,0.28519,0.45565,1.14155,0.60165,409
LH_410,0.2498,0.9558,0.71997,2.67957,1.94396,1.08298,410
LH_411,0.4226,0.7674,0.8179,0.65338,1.32225,1.04174,411
LH_412,0.2246,0.9362,1.87384,0.63728,1.80125,1.79876,412
LH_413,0.251,0.645,0.57197,2.96905,1.03168,0.93239,413
LH_414,0.4558,0.6358,1.19582,0.86214,1.00486,1.34443,414
LH_415,0.4334,0.7102,0.33402,2.77791,1.32409,1.20164,415
LH_416,0.2546,0.6194,1.29954,0.95264,0.56605,1.22688,416
LH_417,0.491,0.6178,0.6552,0.99309,1.08749,1.16554,417
LH_418,0.4018,0.787,1.3435,0.51334,0.53477,1.13053,418
LH_419,0.467,0.9194,0.26609,0.46458,1.10267,1.64832,419
LH_420,0.313,0.6754,0.29321,0.53071,0.71747,0.51943,420
LH_421,0.3378,0.6694,1.20916,2.26263,1.8264,0.65203,421
LH_422,0.4458,0.7918,0.38904,2.58471,0.88332,0.66296,422
LH_423,0.259,0.823,0.55172,1.06437,0.56527,0.84851,423
LH_424,0.229,0.695,0.63376,2.80889,0.57078,0.56999,424
LH_425,0.493,0.6306,0.29159,0.39012,0.93627,1.88557,425
LH_426,0.1818,0.6918,0.29484,3.38229,1.61888,0.54677,426
LH_427,0.1942,0.9898,3.50642,0.71598,1.66209,1.48761,427
LH_428,0.4062,0.7958,0.38475,1.45599,0.79169,0.58116,428
LH_429,0.4962,0.6478,0.31513,0.26832,1.3632,0.7797,429
LH_430,0.1778,0.831,0.74639,2.45888,1.87774,1.75686,430
LH_431,0.4686,0.683,0.78676,0.40556,1.69466,0.62633,431
LH_432,0.4538,0.8262,2.95263,2.08204,0.81282,0.90689,432
LH_433,0.2698,0.711,0.26243,2.14058,1.18181,0.92466,433
LH_434,0.1882,0.9038,1.41225,0.25035,1.35943,1.54435,434
LH_435,0.1738,0.621,0.40669,1.00696,0.88577,0.65112,435
LH_436,0.3282,0.8182,1.62676,0.57515,0.63596,0.59091,436
LH_437,0.1846,0.737,3.71664,2.00834,1.90132,0.86035,437
LH_438,0.2014,0.9686,0.316,1.34723,1.08598,0.65293,438
LH_439,0.1054,0.7594,3.85305,0.33125,1.92519,1.80625,439
LH_440,0.3198,0.8602,0.32488,1.05848,1.03742,1.45297,440
LH_441,0.3006,0.7158,3.26255,1.264,0.52232,0.98418,441
LH_442,0.1526,0.911,3.605,2.8481,0.70564,1.77645,442
LH_443,0.495,0.6938,0.92146,1.35849,0.65203,0.56058,443
LH_444,0.3286,0.9402,1.70527,2.20687,0.67408,0.85086,444
LH_445,0.3598,0.8862,0.44938,0.73002,0.53775,1.87254,445
LH_446,0.3566,0.7718,0.59957,0.33868,1.27721,0.71549,446
LH_447,0.1894,0.8726,2.70945,3.23553,0.75838,0.55594,447
LH_448,0.3586,0.6278,0.72397,0.50488,0.80051,0.70858,448
LH_449,0.163,0.6934,2.79336,2.30058,1.07549,1.31677,449
LH_450,0.165,0.9762,0.49243,1.17609,0.62201,1.29864,450
LH_451,0.2174,0.6526,1.6358,0.47632,1.00626,0.53999,451
LH_452,0.4178,0.8446,1.04681,0.63376,1.22349,0.66573,452
LH_453,0.1094,0.957,0.26757,0.79333,1.39571,0.89069,453
LH_454,0.1398,0.8838,0.33217,1.56917,1.18017,1.04754,454
LH_455,0.3894,0.6042,0.66804,0.27816,0.71947,0.59255,455
LH_456,0.4534,0.8002,0.27206,1.8025,0.55363,1.33515,456
LH_457,0.207,0.8202,3.06099,0.30229,0.77432,0.5692,457
LH_458,0.3602,0.6506,0.43467,3.84238,1.15109,0.99654,458
LH_459,0.3406,0.703,1.09126,0.974,0.96527,1.63694,459
LH_460,0.3094,0.8006,2.77791,1.87905,0.57316,1.64604,460
LH_461,0.3086,0.9502,0.63552,2.32624,1.53794,1.47939,461
LH_462,0.1918,0.8486,0.37945,2.03637,1.41912,0.62546,462
LH_463,0.1098,0.9478,1.428,3.22657,1.23885,0.51157,463
LH_464,0.3494,0.8242,1.77769,2.18253,0.97063,0.77111,464
LH_465,0.159,0.9874,1.86865,0.52632,0.86754,1.93321,465
LH_466,0.4222,0.7658,0.89876,1.31403,1.64604,1.074,466
LH_467,0.1858,0.6098,0.31338,1.19251,0.62894,1.06511,467
LH_468,0.3686,0.6618,2.61353,0.44442,0.95595,1.44293,468
LH_469,0.4482,0.8438,3.24451,0.45818,0.58927,1.64376,469
LH_470,0.3358,0.8574,2.17648,1.89474,0.73357,1.30949,470
LH_471,0.4966,0.7838,0.41697,0.39557,1.94666,0.84265,471
LH_472,0.3546,0.7198,0.78458,0.38262,1.15269,0.50383,472
LH_473,0.3298,0.6122,1.00417,1.40834,1.05922,0.90815,473
LH_474,0.3122,0.9654,0.44689,0.95794,0.58035,1.88818,474
LH_475,0.4802,0.7726,0.46976,0.57995,1.46713,0.59173,475
LH_476,0.2906,0.7046,0.74021,1.08824,1.38799,0.5852,476
LH_477,0.1106,0.755,2.39164,0.71997,1.6783,1.67133,477
LH_478,0.239,0.9034,3.62505,0.92916,1.337,0.96929,478
LH_479,0.4622,0.9398,0.99309,0.43347,1.76174,1.46917,479
LH_480,0.455,0.7822,0.52778,3.10372,1.29325,0.86155,480
LH_481,0.219,0.6366,1.01819,3.75809,0.56841,1.05922,481
LH_482,0.283,0.6282,0.42396,2.64268,0.71549,1.47121,482
LH_483,0.367,0.8854,0.65702,0.43467,0.59173,1.66671,483
LH_484,0.2286,0.6058,0.37736,2.74727,0.72648,0.6109,484
LH_485,0.1158,0.895,0.29813,2.41162,0.88823,0.82989,485
LH_486,0.1354,0.7826,0.36908,0.69641,0.90063,1.62563,486
LH_487,0.1302,0.9602,0.28205,0.68492,0.67315,0.60249,487
LH_488,0.395,0.6054,0.35111,0.31338,1.98756,0.72548,488
LH_489,0.2666,0.813,1.32501,0.64977,0.69979,0.51727,489
LH_490,0.4122,0.8174,0.61302,3.47738,0.60082,0.92595,490
LH_491,0.377,0.6706,0.42162,1.19582,1.6644,1.73267,491
LH_492,0.1226,0.6518,0.27586,2.47942,1.9066,1.90924,492
LH_493,0.3926,0.8966,1.12818,1.36604,1.31312,1.83401,493
LH_494,0.277,0.7254,3.17334,0.32851,0.72347,1.15429,494
LH_495,0.2686,0.6234,2.87189,3.19098,0.70858,1.04608,495
LH_496,0.2326,0.9554,2.91198,2.43176,1.04899,0.58845,496
LH_497,0.4598,0.6346,0.26316,0.6426,1.43296,0.86995,497
LH_498,0.1934,0.9926,3.34499,1.67714,1.00905,1.51047,498
LH_499,0.1506,0.8638,1.46409,0.70417,0.82874,1.85189,499
LH_500,0.4718,0.9506,0.39998,1.51782,1.38607,0.58277,500
LH_501,0.3062,0.8682,3.10372,0.4803,0.72548,0.76472,501
LH_502,0.4662,0.8618,3.55537,2.10526,0.67596,1.80375,502
LH_503,0.1266,0.7534,3.59502,1.76296,1.99585,1.51677,503
LH_504,0.4126,0.6414,0.47764,0.48163,1.57026,0.74381,504
LH_505,0.1018,0.6006,0.81113,1.2781,1.56591,0.65747,505
LH_506,0.1614,0.8534,3.4011,0.35899,0.61429,1.59438,506
LH_507,0.4766,0.6726,0.51334,0.6552,0.61344,0.52449,507
LH_508,0.121,0.8362,0.64797,0.57834,1.51677,1.29504,508
LH_509,0.4066,0.749,2.68701,2.84021,1.51047,0.73867,509
LH_510,0.1866,0.6538,1.04102,1.71475,0.51086,0.52522,510
LH_511,0.4138,0.6174,3.05252,0.78458,0.54074,0.62981,511
LH_512,0.1262,0.8014,0.57995,1.27103,0.8944,0.75628,512
LH_513,0.2334,0.8758,2.26891,2.35218,0.82989,1.28967,513
LH_514,0.1834,0.8422,1.50108,1.30677,0.62028,0.61259,514
LH_515,0.433,0.8842,0.95794,1.58227,0.77111,0.56448,515
LH_516,0.421,0.967,1.12194,0.53961,1.20497,1.26488,516
LH_517,0.2202,0.6446,0.28598,0.3276,0.876,0.67222,517
LH_518,0.1498,0.987,0.99861,3.33572,1.2544,1.30044,518
LH_519,0.319,0.8402,1.76296,0.50069,0.67129,0.9454,519
LH_520,0.297,0.8214,0.91891,0.33495,0.60584,1.457,520
LH_521,0.3718,0.8162,1.05848,1.66324,1.074,1.14155,521
LH_522,0.279,0.6978,2.23767,1.92119,1.45297,1.1274,522
LH_523,0.2374,0.835,1.37745,1.23971,0.67502,1.18509,523
LH_524,0.3374,0.9094,1.69114,0.79114,0.99654,0.9221,524
LH_525,0.193,0.6866,0.59132,0.37631,0.92595,1.05044,525
LH_526,0.4002,0.7426,3.31728,0.49517,0.53924,1.02598,526
LH_527,0.2382,0.9842,0.26683,3.25352,1.55725,1.95477,527
LH_528,0.3474,0.9058,0.35899,1.83783,1.72788,0.85204,528
LH_529,0.3542,0.8706,1.33978,0.88393,1.07848,1.00626,529
LH_530,0.4862,0.6082,0.27739,0.2924,1.78386,0.83335,530
LH_531,0.2434,0.9334,2.42503,0.44196,0.58764,0.94671,531
LH_532,0.3958,0.6482,2.81669,1.07624,1.4651,1.97383,532
LH_533,0.3382,0.8922,0.56723,0.36602,0.68349,0.56605,533
LH_534,0.3434,0.6102,2.34567,1.77769,0.63156,1.2861,534
LH_535,0.1314,0.6822,3.9504,2.04769,0.94409,1.20497,535
LH_536,0.1974,0.801,1.28165,3.65533,1.09354,0.70271,536
LH_537,0.3934,0.8606,1.61776,0.55172,1.6077,0.56527,537
LH_538,0.355,0.9298,0.56253,2.11111,0.94803,0.84382,538
LH_539,0.1082,0.6802,1.31768,0.30651,1.45498,0.887,539
LH_540,0.1366,0.9974,0.49655,1.95884,1.34071,1.60103,540
LH_541,0.291,0.7638,3.87447,0.64797,1.98206,0.55517,541
LH_542,0.1962,0.8386,0.46716,1.03526,0.50383,1.28788,542
LH_543,0.3126,0.6294,1.06437,0.97671,0.55981,0.77539,543
LH_544,0.4478,0.9158,0.77164,0.96594,1.89343,1.232,544
LH_545,0.3154,0.639,0.35799,0.63552,0.76154,0.52159,545
LH_546,0.1666,0.7734,1.75808,0.32041,1.06363,1.66209,546
LH_547,0.4682,0.971,0.29078,3.56524,1.09962,0.80163,547
LH_548,0.1626,0.9726,0.47632,1.32134,1.06659,0.73255,548
LH_549,0.3722,0.697,1.08222,3.48703,0.96126,0.72749,549
LH_550,0.2254,0.8098,3.63511,0.45188,0.89938,0.61005,550
LH_551,0.3778,0.6834,0.4022,0.6233,0.58601,0.85441,551
LH_552,0.3842,0.8218,2.69447,1.72429,0.73765,1.44493,552
LH_553,0.2514,0.8626,2.44528,0.57197,1.3113,0.90188,553
LH_554,0.3634,0.6094,3.70635,0.32579,1.87254,1.12272,554
LH_555,0.299,0.951,0.68302,1.1065,0.50453,0.876,555
LH_556,0.371,0.6566,2.19466,1.98618,1.19334,1.87774,556
LH_557,0.3898,0.6686,2.3327,0.42045,0.98555,1.34257,557
LH_558,0.4674,0.767,1.06733,2.51403,1.77399,1.81127,558
LH_559,0.4734,0.9854,0.55325,0.40332,1.11651,1.19997,559
LH_560,0.4886,0.7334,0.56409,2.09943,1.37841,1.01889,560
LH_561,0.4422,0.7974,0.30397,0.44689,1.65749,1.39571,561
LH_562,0.4406,0.6558,2.20687,1.88949,1.27015,1.04319,562
LH_563,0.489,0.9758,0.2844,1.45196,1.6529,1.01466,563
LH_564,0.2522,0.9082,2.67215,0.66804,1.29146,1.84676,564
LH_565,0.1902,0.875,3.69609,1.50943,0.50874,1.88296,565
LH_566,0.1822,0.613,1.14393,0.357,1.66671,1.38799,566
LH_567,0.3974,0.7894,0.82245,0.58642,0.51943,0.57078,567
LH_568,0.3594,0.7946,0.27056,0.88148,1.96837,1.10114,568
LH_569,0.3158,0.7542,1.10038,0.97942,0.64932,1.40347,569
LH_570,0.2066,0.679,2.07053,1.1599,1.57899,1.12117,570
LH_571,0.461,0.909,3.2898,2.9363,0.57794,0.73662,571
LH_572,0.3178,0.7442,1.25701,0.76525,0.66204,0.73154,572
LH_573,0.3226,0.7546,2.9363,1.11265,0.77862,0.537,573
LH_574,0.129,0.7678,0.37423,1.01537,1.42504,1.25788,574
LH_575,0.4326,0.7002,0.35014,0.36198,1.73748,1.9711,575
LH_576,0.4362,0.9054,1.17936,0.29402,1.42701,0.90063,576
LH_577,0.1126,0.673,0.32399,3.01885,0.64842,0.63508,577
LH_578,0.3774,0.6078,0.65338,2.45207,0.73662,0.55748,578
LH_579,0.1466,0.897,0.43347,0.50768,0.62633,1.2492,579
LH_580,0.1478,0.8946,0.59791,0.71005,1.02172,0.71351,580
LH_581,0.3902,0.8178,0.40895,1.55617,1.36509,0.55826,581
LH_582,0.2338,0.8462,2.86394,0.92402,0.93239,1.15109,582
LH_583,0.4782,0.9674,2.21299,3.73731,0.54149,0.52741,583
LH_584,0.1202,0.773,1.00975,0.81113,0.63949,0.57714,584
LH_585,0.2526,0.6354,1.05555,1.47631,1.49174,0.59999,585
LH_586,0.1578,0.9678,0.2973,2.70945,1.61217,1.76663,586
LH_587,0.179,0.8366,2.08782,1.51362,1.68763,0.82074,587
LH_588,0.2002,0.8514,3.54553,1.79253,1.63467,1.98756,588
LH_589,0.2754,0.837,0.85263,2.29421,1.12117,0.61942,589
LH_590,0.3954,0.879,0.80888,1.67249,1.68063,1.37268,590
LH_591,0.3102,0.7682,0.29978,3.92856,1.11806,1.10267,591
LH_592,0.2178,0.9594,1.20581,2.65001,0.6593,1.40737,592
LH_593,0.385,0.8694,0.30651,0.60123,1.79129,1.98481,593
LH_594,0.1554,0.729,1.43594,0.98487,1.14472,1.79129,594
LH_595,0.381,0.6134,0.69448,0.83393,0.69303,1.56591,595
LH_596,0.4694,0.9358,0.27893,0.30313,0.66573,1.03742,596
LH_597,0.2266,0.7578,0.5688,3.8,0.53849,1.97657,597
LH_598,0.3906,0.7902,0.83857,1.39281,1.1042,0.99103,598
LH_599,0.3274,0.7226,1.54756,2.67215,1.28254,1.20999,599
LH_600,0.4818,0.635,3.19098,0.27739,0.85441,1.0403,600
LH_601,0.2294,0.9322,0.74846,2.69447,1.22519,0.9801,601
LH_602,0.3206,0.793,1.2605,0.96326,1.84421,0.6685,602
LH_603,0.3078,0.617,0.55019,0.28049,0.62287,0.63069,603
LH_604,0.1234,0.6258,1.22944,0.39667,1.63014,1.20664,604
LH_605,0.4214,0.6578,0.67175,0.97131,0.81057,0.54149,605
LH_606,0.3734,0.7382,0.57515,1.70055,1.44293,0.78187,606
LH_607,0.1306,0.6714,2.15846,0.99861,1.41716,1.70409,607
LH_608,0.2594,0.9198,3.12098,0.39998,1.36131,1.089,608
LH_609,0.2442,0.8958,0.49107,0.27131,0.56448,0.90941,609
LH_610,0.2646,0.8086,1.59549,0.74226,1.24229,0.50104,610
LH_611,0.111,0.693,1.1599,0.52486,1.16716,1.02172,611
LH_612,0.3306,0.811,1.78757,1.09126,0.99378,1.49796,612
LH_613,0.2466,0.7698,0.74226,2.07628,0.694,1.24057,613
LH_614,0.2806,0.6062,0.34341,3.83174,1.74715,1.25963,614
LH_615,0.4446,0.7834,0.44442,1.17936,1.23542,1.60325,615
LH_616,0.4354,0.8078,0.71005,1.21926,0.50174,1.16878,616
LH_617,0.1334,0.8146,3.00216,0.32942,0.5692,1.50629,617
LH_618,0.1206,0.929,1.23971,2.0648,0.86995,0.70956,618
LH_619,0.2922,0.8898,2.15248,1.59107,0.78187,1.41912,619
LH_620,0.3462,0.6146,1.26751,1.60436,1.19168,0.61429,620
LH_621,0.4058,0.891,0.38262,0.29648,0.63684,1.79626,621
LH_622,0.161,0.9278,1.45196,2.73967,0.98692,0.70076,622
LH_623,0.181,0.8134,3.32649,2.72452,1.47121,1.51257,623
LH_624,0.1874,0.7934,3.4295,3.37292,0.69689,1.08598,624
LH_625,0.4234,0.6678,1.53475,2.96083,0.75524,0.56136,625
LH_626,0.4286,0.7886,0.83393,0.63025,0.59255,0.69496,626
LH_627,0.3254,0.8566,0.38369,3.43903,0.61857,1.17691,627
LH_628,0.227,0.8054,0.49792,1.20916,0.70368,1.06216,628
LH_629,0.4898,0.805,0.96059,0.34056,0.75106,0.99516,629
LH_630,0.1702,0.6986,0.31864,0.30736,1.17528,0.75106,630
LH_631,0.427,0.819,0.67736,2.34567,1.91454,1.09354,631
LH_632,0.2766,0.7526,1.57789,2.4657,0.50593,1.97931,632
LH_633,0.2894,0.7258,3.04407,0.99034,0.6109,1.04899,633
LH_634,0.3278,0.9046,2.70195,1.28165,0.61174,1.80125,634
LH_635,0.3182,0.9442,0.75891,0.81338,1.25614,0.78079,635
LH_636,0.4566,0.8698,1.43197,0.31252,1.05629,1.50838,636
LH_637,0.431,0.9262,1.16959,2.90392,0.93887,0.69689,637
LH_638,0.2694,0.8194,0.35601,2.14652,0.6272,0.50243,638
LH_639,0.369,0.8234,1.0324,1.59992,1.05044,0.63949,639
LH_640,0.1414,0.7506,0.29648,0.27282,1.73989,1.12428,640
LH_641,0.2038,0.9302,0.38689,1.41225,1.96564,0.68066,641
LH_642,0.4706,0.9482,3.19984,0.84792,0.92852,0.69207,642
LH_643,0.4654,0.981,0.3276,2.50707,1.56808,1.78139,643
LH_644,0.139,0.857,1.68646,0.40444,0.97333,1.31312,644
LH_645,0.1518,0.6838,3.29893,0.46073,0.59009,1.69937,645
LH_646,0.123,0.603,1.80751,0.67924,0.62981,0.69592,646
LH_647,0.3214,0.7774,0.4383,1.22603,0.64305,1.03168,647
LH_648,0.357,0.611,0.33962,0.59296,1.68997,1.05775,648
LH_649,0.3914,0.605,0.67362,0.80218,1.21504,1.68529,649
LH_650,0.481,0.7234,1.45599,0.55325,0.80944,1.44894,650
LH_651,0.3858,0.6586,1.55617,0.52341,0.76049,0.73052,651
LH_652,0.2106,0.685,2.08204,2.68701,0.6246,1.84421,652
LH_653,0.1118,0.8994,3.27161,0.95528,0.71153,1.53156,653
LH_654,0.1662,0.7278,1.39281,2.2253,0.74072,0.51584,654
LH_655,0.4994,0.9966,0.43709,2.39828,0.63069,1.54007,655
LH_656,0.2362,0.7998,1.36604,0.56253,1.09505,1.80876,656
LH_657,0.247,0.607,0.69834,1.3435,1.40932,0.70662,657
LH_658,0.175,0.9086,0.44813,0.4022,1.8391,1.18674,658
LH_659,0.3486,0.6114,0.75262,0.63905,0.85678,0.57395,659
LH_660,0.4462,0.9614,0.6426,0.79775,1.99308,0.51513,660
LH_661,0.1114,0.7346,0.70028,1.84293,1.9172,0.88577,661
LH_662,0.4894,0.6314,2.05338,2.44528,0.84733,0.96259,662
LH_663,0.2214,0.7218,1.19251,0.61985,0.90941,0.69786,663
LH_664,0.3046,0.9538,0.93433,2.15248,1.71356,1.86219,664
LH_665,0.2438,0.8798,2.04769,0.29566,1.70882,1.2033,665
LH_666,0.3758,0.7754,0.83625,0.5946,1.49796,1.03455,666
LH_667,0.3678,0.631,0.39447,2.12285,1.47325,0.84968,667
LH_668,0.3806,0.6458,0.30229,0.46201,0.66113,1.62338,668
LH_669,0.289,0.6742,0.58479,3.89602,0.84851,0.50874,669
LH_670,0.3202,0.8926,2.50707,0.49655,1.11034,0.50945,670
LH_671,0.1758,0.705,3.14705,3.64521,1.65979,0.78295,671
LH_672,0.3654,0.6662,0.39887,0.6029,0.69207,1.39185,672
LH_673,0.1618,0.7942,0.27662,0.49243,0.85797,1.21335,673
LH_674,0.1462,0.731,1.33237,1.02101,0.69496,1.84165,674
LH_675,0.1238,0.699,1.36226,0.35306,0.77647,0.65474,675
LH_676,0.403,0.8498,2.72452,2.41831,1.33886,1.33145,676
LH_677,0.1486,0.9962,3.44857,0.28757,1.55941,0.75419,677
LH_678,0.3886,0.6946,0.95264,0.55787,0.63332,0.60836,678
LH_679,0.2494,0.8582,1.71951,0.58317,1.86219,0.96393,679
LH_680,0.4746,0.9714,2.25012,0.78241,0.72749,1.19831,680
LH_681,0.2862,0.727,0.89627,1.6449,0.64394,1.72788,681
LH_682,0.2814,0.8614,0.56566,0.67549,1.08448,0.63684,682
LH_683,0.3534,0.6038,0.31952,1.14711,1.04319,0.72347,683
LH_684,0.2414,0.8522,3.48703,0.3482,0.65747,0.93627,684
LH_685,0.4078,0.9934,0.32309,0.25384,1.30767,1.9602,685
LH_686,0.317,0.9682,3.35427,1.28521,1.02883,1.40932,686
LH_687,0.3554,0.9606,3.37292,1.73388,1.11342,0.80274,687
LH_688,0.2658,0.7806,1.95342,3.50642,1.43098,0.7076,688
LH_689,0.3338,0.7306,0.60794,1.68646,1.38415,0.82302,689
LH_690,0.1782,0.7138,0.6625,2.97729,0.7285,0.64752,690
LH_691,0.1318,0.8562,0.48971,0.28997,1.01326,0.67596,691
LH_692,0.3146,0.9858,2.98556,0.91891,1.20832,1.38607,692
LH_693,0.2082,0.8826,0.45692,1.62225,1.12428,0.71947,693
LH_694,0.4394,0.6242,1.11884,0.37319,1.86995,1.77154,694
LH_695,0.269,0.919,0.64618,0.56097,0.76684,1.99585,695
LH_696,0.3314,0.973,0.25739,1.46409,1.58557,1.40153,696
LH_697,0.3354,0.8906,0.57038,1.62676,0.9298,0.50035,697
LH_698,0.2674,0.8258,0.475,2.52801,1.24401,1.79378,698
LH_699,0.417,0.8822,0.88393,0.67175,1.88296,1.41323,699
LH_700,0.2102,0.8126,0.68873,3.35427,0.81169,0.69016,700
LH_701,0.2866,0.7438,1.85832,0.45692,1.47939,0.98829,701
LH_702,0.4378,0.8918,1.54328,0.31425,1.03886,0.93109,702
LH_703,0.4866,0.861,1.10343,2.02511,0.76366,0.59915,703
LH_704,0.1986,0.8122,0.41237,3.87447,1.54221,1.29146,704
LH_705,0.3106,0.8814,1.03526,1.65864,1.85961,1.95206,705
LH_706,0.261,0.6434,1.28877,0.78895,0.87115,1.63241,706
LH_707,0.3846,0.8634,0.61985,2.65737,1.83401,1.55941,707
LH_708,0.2122,0.9918,1.47631,1.08523,1.26663,0.63156,708
LH_709,0.4578,0.6046,1.08523,1.09733,1.30586,1.24747,709
LH_710,0.2738,0.7654,0.92916,1.40444,1.20664,1.09809,710
LH_711,0.3238,0.821,0.44196,0.45313,0.63861,0.97198,711
LH_712,0.2258,0.8702,3.47738,2.92817,0.92466,1.69466,712
LH_713,0.1602,0.7174,3.56524,0.855,0.90563,0.51015,713
LH_714,0.4814,0.6994,0.6029,0.26026,0.81734,0.78949,714
LH_715,0.3614,0.6126,0.89131,1.07326,0.70662,0.5445,715
LH_716,0.2238,0.795,2.35218,0.75891,1.7593,0.61771,716
LH_717,0.231,0.8082,0.30993,0.70613,0.69786,1.25093,717
LH_718,0.2078,0.9258,3.02723,0.38156,0.99792,1.30767,718
LH_719,0.1042,0.747,3.30809,0.44566,1.46104,0.54905,719
LH_720,0.4174,0.8542,2.02511,3.86375,1.1479,0.75315,720
LH_721,0.3066,0.623,0.45818,1.30315,0.64216,0.94148,721
LH_722,0.1178,0.6902,0.34056,1.43197,0.85323,0.64573,722
LH_723,0.4134,0.8138,0.76525,0.82702,0.9221,0.68634,723
LH_724,0.253,0.8654,1.13446,3.55537,1.44093,1.99861,724
LH_725,0.147,0.8806,0.79554,1.93724,0.616,1.07549,725
LH_726,0.113,0.7238,0.57355,0.69834,0.62373,1.59881,726
LH_727,0.465,0.9318,2.5633,0.70809,0.65565,1.94666,727
LH_728,0.1062,0.7022,0.45439,1.95342,0.54905,1.60547,728
LH_729,0.4774,0.6022,2.59188,0.39229,0.79278,1.752,729
LH_730,0.3878,0.9242,3.72696,2.28786,0.54374,0.55981,730
LH_731,0.267,0.9666,0.44074,1.33607,0.93109,0.61515,731
LH_732,0.3414,0.7462,1.264,0.89379,0.77004,1.63921,732
LH_733,0.4202,0.6138,3.90683,0.56409,1.50004,1.02314,733
LH_734,0.2726,0.8254,3.51616,2.89588,1.45095,0.69112,734
LH_735,0.4854,0.7966,2.45207,0.714,1.58337,0.91573,735
LH_736,0.325,0.7434,0.57834,2.08782,0.73458,1.28254,736
LH_737,0.1294,0.885,1.15349,0.76102,1.5042,1.90132,737
LH_738,0.2194,0.9002,3.88523,0.29895,1.61664,1.48968,738
LH_739,0.177,0.637,3.49671,1.16635,0.56683,1.47325,739
LH_740,0.2826,0.9386,0.34246,0.80441,0.86274,1.73989,740
LH_741,0.2782,0.9062,1.95884,2.27521,1.74957,0.62201,741
LH_742,0.2558,0.7538,0.48431,0.75471,0.8162,0.57554,742
LH_743,0.101,0.6626,0.84323,1.76786,0.64662,1.17365,743
LH_744,0.2026,0.8746,0.96326,0.60458,0.68255,0.54299,744
LH_745,0.4158,0.913,0.45565,2.04202,0.59832,1.13682,745
LH_746,0.4374,0.7262,2.76255,1.90528,1.66902,1.21504,746
LH_747,0.1338,0.7274,1.98618,3.13834,0.53552,1.07998,747
LH_748,0.1954,0.7214,0.27816,0.64439,1.77154,1.13524,748
LH_749,0.3522,0.6106,1.88426,0.25596,1.19831,1.1042,749
LH_750,0.3794,0.8046,2.78562,1.29594,0.97739,1.03311,750
LH_751,0.199,0.8938,3.46775,0.43709,0.52087,1.70173,751
LH_752,0.2386,0.9374,0.70417,0.2844,1.58777,0.89317,752
LH_753,0.2654,0.9426,1.04391,2.47255,0.83915,0.57794,753
LH_754,0.4914,0.7554,0.39121,3.12965,1.74473,0.66665,754
LH_755,0.215,0.8858,1.68179,3.06949,1.58118,1.9066,755
LH_756,0.1278,0.8802,1.60436,0.92146,0.91955,0.92852,756
LH_757,0.3662,0.825,0.51907,0.51907,1.09202,1.00905,757
LH_758,0.4742,0.6546,0.52341,1.69114,0.55517,0.90313,758
LH_759,0.2402,0.713,1.33607,2.60629,1.42306,0.8322,759
LH_760,0.3682,0.6734,1.09429,0.66619,1.14949,0.87965,760
LH_761,0.3582,0.627,3.15579,0.74432,1.17202,0.6246,761
LH_762,0.335,0.7142,2.21914,0.2973,1.24747,0.52377,762
LH_763,0.1798,0.7518,1.82766,3.14705,0.75628,0.82874,763
LH_764,0.2186,0.7298,1.72429,0.64618,0.5975,1.36699,764
LH_765,0.4086,0.935,2.17046,0.76313,1.59881,0.65838,765
LH_766,0.2662,0.9526,1.29235,2.70195,0.74898,0.84499,766
LH_767,0.2482,0.8034,1.96973,0.42988,0.64573,0.59337,767
LH_768,0.1514,0.8974,0.63728,1.93187,1.43893,0.72447,768
LH_769,0.191,0.7766,0.25667,0.96862,1.14314,1.11961,769
LH_770,0.1386,0.9106,0.69064,3.44857,1.3765,0.89938,770
LH_771,0.4206,0.7866,0.42632,0.41581,0.51228,1.59218,771
LH_772,0.437,0.9914,0.56097,1.48041,1.23029,0.98146,772
LH_773,0.2282,0.8714,2.8481,1.91587,1.9602,1.38032,773
LH_774,0.1938,0.9786,0.38797,2.86394,1.04754,0.605,774
LH_775,0.401,0.6594,2.28153,0.30821,0.77218,0.87357,775
LH_776,0.1958,0.7478,3.74769,1.15029,1.55294,0.54601,776
LH_777,0.1686,0.8622,1.48865,0.26389,1.71119,0.71055,777
LH_778,0.3142,0.8106,0.51477,1.39668,0.98829,1.58337,778
LH_779,0.4754,0.8038,2.90392,0.54563,1.19499,0.60668,779
LH_780,0.3674,0.8166,0.55478,2.35871,0.75315,1.53794,780
LH_781,0.3366,0.9894,0.64439,2.09362,1.19997,1.37841,781
LH_782,0.149,0.6786,1.58227,2.19466,0.5852,1.3632,782
LH_783,0.405,0.995,2.0195,3.4295,0.94278,1.71832,783
LH_784,0.3074,0.6466,0.38051,0.28519,1.25266,1.52309,784
LH_785,0.2942,0.6606,0.37216,1.49278,0.86514,0.85797,785
LH_786,0.233,0.9622,0.64082,1.16959,1.70409,1.77892,786
LH_787,0.3394,0.9626,0.75471,0.93952,1.21841,1.68063,787
LH_788,0.2422,0.8962,1.64947,0.73816,1.21672,0.80608,788
LH_789,0.487,0.921,0.79114,0.36098,0.51584,0.97603,789
LH_790,0.483,0.6218,1.06142,0.83857,0.91573,0.60584,790
LH_791,0.2534,0.6958,2.47942,2.36526,1.07252,1.05482,791
LH_792,0.1438,0.9434,0.90125,2.43851,1.95206,0.7356,792
LH_793,0.423,0.6382,1.23285,1.86865,0.74175,0.80497,793
LH_794,0.167,0.9862,0.42514,0.60963,1.13682,1.35754,794
LH_795,0.1634,0.701,0.79996,0.85027,1.39185,0.97874,795
LH_796,0.4186,0.601,0.35209,0.475,1.02456,1.48555,796
LH_797,0.2222,0.8934,0.28283,0.45439,1.95748,1.14949,797
LH_798,0.347,0.769,1.21926,1.12506,1.02598,1.21672,798
LH_799,0.2678,0.8466,1.47223,1.75321,1.90924,1.56808,799
LH_800,0.1162,0.8674,2.43176,0.33962,0.84265,0.78404,800
LH_801,0.1298,0.6226,2.3198,0.9876,0.71351,1.32225,801
LH_802,0.3702,0.9274,0.43588,1.16312,1.72548,0.53924,802
LH_803,0.303,0.8206,1.74836,0.55478,0.67971,0.88332,803
LH_804,0.1674,0.9734,0.25244,1.15349,1.16393,1.51887,804
LH_805,0.2118,0.739,2.31338,1.14393,1.01466,0.58439,805
LH_806,0.171,0.7982,1.56049,3.62505,0.57395,0.92723,806
LH_807,0.311,0.6438,0.8409,0.52196,0.79388,0.77004,807
LH_808,0.4594,0.717,0.88884,1.41618,1.80375,0.82645,808
LH_809,0.3418,0.6602,1.07029,3.85305,0.65474,1.27544,809
LH_810,0.1966,0.6186,0.47897,0.47764,1.99861,1.11342,810
LH_811,0.4142,0.8454,1.29594,1.05263,1.03598,0.74072,811
LH_812,0.1754,0.6882,1.2781,0.50628,1.07998,1.41128,812
LH_813,0.2702,0.691,3.23553,0.62851,0.605,0.88209,813
LH_814,0.353,0.9474,0.54412,2.3198,1.53156,1.28432,814
LH_815,0.4414,0.9454,0.76737,0.64082,0.7356,0.8072,815
LH_816,0.2854,0.633,0.45946,0.25314,0.68634,1.11651,816
LH_817,0.3334,0.6898,2.54912,0.73408,1.37459,0.72046,817
LH_818,0.4638,0.9766,1.51782,0.58156,0.65022,0.73357,818
LH_819,0.4842,0.8774,1.77276,1.29954,0.84968,1.53368,819
LH_820,0.1574,0.741,2.09362,0.34341,0.83799,0.86874,820
LH_821,0.3994,0.6182,1.07923,3.61501,1.27544,1.42306,821
LH_822,0.4882,0.6582,2.14058,3.19984,0.85086,1.83147,822
LH_823,0.3422,0.6474,3.43903,0.36806,0.51299,1.85446,823
LH_824,0.315,0.961,1.64035,1.85318,0.80385,1.74231,824
LH_825,0.2582,0.6814,3.8,2.81669,1.20164,1.5768,825
LH_826,0.4618,0.6166,0.92659,0.316,0.77755,1.37078,826
LH_827,0.1786,0.9494,0.31425,0.53663,0.8322,1.88035,827
LH_828,0.4606,0.6222,3.75809,2.54912,1.18838,1.15269,828
LH_829,0.1642,0.9026,0.25384,3.69609,1.59218,0.60332,829
LH_830,0.4918,0.7194,3.33572,0.78676,1.07103,0.5521,830
LH_831,0.2418,0.6406,0.30821,1.27456,1.40737,0.81394,831
LH_832,0.109,0.641,1.36983,1.87384,0.61515,0.54753,832
LH_833,0.1606,0.947,0.36198,1.75808,0.73867,1.17854,833
LH_834,0.1442,0.9074,0.69641,0.26462,1.54007,1.60993,834
LH_835,0.1706,0.7914,0.9113,1.47223,1.34817,0.8944,835
LH_836,0.2394,0.6018,2.52101,3.07801,1.8908,1.65749,836
LH_837,0.1286,0.763,0.3213,3.4011,0.55594,1.34071,837
LH_838,0.4518,0.6862,1.42405,0.28126,0.99931,0.95198,838
LH_839,0.2774,0.6962,1.81756,3.26255,0.51513,0.73765,839
LH_840,0.1926,0.9066,1.65864,1.25701,1.21167,0.75524,840
LH_841,0.1014,0.6682,1.16635,0.35209,0.93368,0.75733,841
LH_842,0.4074,0.799,2.74727,0.83162,1.63921,1.09505,842
LH_843,0.2874,0.775,0.26536,3.77899,0.90815,1.25266,843
LH_844,0.441,0.9646,1.18263,1.48452,0.96929,1.1321,844
LH_845,0.4642,0.6826,3.38229,2.87189,0.60836,1.93858,845
LH_846,0.463,0.843,0.96862,1.10957,1.16878,1.22519,846
LH_847,0.4826,0.7414,0.35503,1.52626,0.65293,1.16716,847
LH_848,0.3606,0.9078,0.67549,0.28837,1.54864,1.32777,848
LH_849,0.1446,0.9514,2.4657,0.44813,1.85703,0.54829,849
LH_850,0.2022,0.6554,0.29895,0.79554,1.33515,1.8391,850
LH_851,0.1922,0.9466,0.41581,3.11234,0.50663,1.63467,851
LH_852,0.157,0.783,0.76102,0.71203,1.31677,0.694,852
LH_853,0.1534,0.6386,0.37527,1.23628,0.57236,0.62373,853
LH_854,0.2882,0.771,0.632,2.05338,0.57634,1.86995,854
LH_855,0.331,0.993,0.30313,0.41466,0.97603,1.11497,855
LH_856,0.4698,0.7614,1.93724,0.31776,1.92252,0.78513,856
LH_857,0.2898,0.8314,0.86214,2.20076,1.55079,0.58764,857
LH_858,0.3786,0.6066,0.84792,1.54756,1.72309,0.97739,858
LH_859,0.3762,0.8506,0.40556,2.95263,0.54601,0.71847,859
LH_860,0.115,0.8338,1.52203,0.61302,0.56292,0.74175,860
LH_861,0.3058,0.9226,2.16445,2.00277,0.60416,1.23885,861
LH_862,0.497,0.7122,1.52626,3.74769,0.60752,1.29325,862
LH_863,0.1722,0.8794,3.39168,1.13761,0.98282,0.54224,863
LH_864,0.363,0.9534,0.30907,0.58479,1.18345,1.89605,864
LH_865,0.189,0.8282,0.25882,0.33309,0.93498,1.63014,865
LH_866,0.4906,0.8062,0.28837,0.53812,0.67689,0.7626,866
LH_867,0.4266,0.9922,0.42045,0.32309,0.52741,0.76154,867
LH_868,0.2982,0.9422,0.4275,2.82451,1.81127,0.91193,868
LH_869,0.479,0.9154,1.71475,1.52203,1.86477,0.84616,869
LH_870,0.2086,0.9742,2.38502,0.81564,0.98418,0.95066,870
LH_871,0.4514,0.9826,2.11697,3.2898,1.71832,0.68255,871
LH_872,0.3978,0.6026,0.364,1.13446,0.75002,0.50523,872
LH_873,0.3694,0.6378,1.84293,0.36299,0.56214,0.74278,873
LH_874,0.4098,0.9458,0.44319,0.29078,0.82074,1.92252,874
LH_875,0.209,0.9722,0.44566,0.66067,0.79499,1.96292,875
LH_876,0.2606,0.8246,1.38511,0.51477,0.67877,1.49589,876
LH_877,0.1742,0.6758,1.56482,1.23285,1.30405,0.54374,877
LH_878,0.3426,0.7666,0.66434,0.93692,0.78513,1.35566,878
LH_879,0.3022,0.7326,3.03564,2.25636,0.55057,1.6144,879
LH_880,0.4162,0.865,0.26981,0.89876,0.73255,1.14631,880
LH_881,0.3514,0.7358,1.11574,0.47369,0.99103,1.69232,881
LH_882,0.3262,0.6998,0.33033,3.34499,1.23371,1.14314,882
LH_883,0.4502,0.6638,1.35097,0.9113,0.57554,0.51228,883
LH_884,0.375,0.6158,2.35871,1.32501,0.94148,0.64038,884
LH_885,0.383,0.6394,0.39012,0.89131,1.18509,1.26138,885
LH_886,0.4386,0.7394,1.71,1.8226,0.92083,0.5137,886
LH_887,0.1746,0.6034,0.35306,1.9,0.87721,1.11034,887
LH_888,0.1134,0.6574,1.46003,1.71951,0.87965,1.86477,888
LH_889,0.413,0.883,1.01255,0.48835,0.78731,0.7285,889
LH_890,0.305,0.815,1.98069,2.61353,1.8163,1.23371,890
LH_891,0.2566,0.845,2.0648,1.56049,0.7076,1.17202,891
LH_892,0.3342,0.949,0.7695,0.50208,0.52814,1.86736,892
LH_893,0.1086,0.8458,0.46587,2.91198,0.66665,1.73508,893
LH_894,0.3446,0.6274,0.32851,0.74846,0.57955,1.46307,894
LH_895,0.2918,0.7878,1.94801,1.00417,1.37078,0.62894,895
LH_896,0.4254,0.8306,0.87904,2.01391,0.59999,0.60752,896
LH_897,0.2346,0.9406,0.73611,1.02385,1.64832,0.52232,897
LH_898,0.1006,0.667,0.58317,0.42162,0.91447,0.86514,898
LH_899,0.4666,0.8354,3.16455,0.26316,0.537,1.06069,899
LH_900,0.2218,0.8546,0.43952,1.6358,1.82134,1.27721,900
LH_901,0.391,0.8882,1.59992,1.22264,1.28967,0.64216,901
LH_902,0.3982,0.8414,0.95528,1.15669,0.55287,0.71747,902
LH_903,0.2798,0.675,2.23148,1.73869,1.5252,1.44093,903
LH_904,0.3946,0.6942,1.59107,1.18591,0.51656,0.83799,904
LH_905,0.1814,0.9994,0.63025,1.96973,1.25093,0.80832,905
LH_906,0.1222,0.7702,1.78262,1.91057,0.9454,0.70368,906
LH_907,0.2706,0.9634,2.30697,0.4275,0.84148,1.94127,907
LH_908,0.4614,0.6642,2.09943,0.49107,1.43495,1.12896,908
LH_909,0.407,0.8818,1.35472,3.90683,0.58196,1.13997,909
LH_910,0.2006,0.7474,0.40782,1.37745,1.01045,1.50004,910
LH_911,0.301,0.9214,0.41928,0.73611,0.61685,1.65519,911
LH_912,0.4034,0.833,1.63127,0.77809,0.89813,0.70174,912
LH_913,0.2274,0.6262,2.12285,1.04102,1.47734,1.08448,913
LH_914,0.125,0.625,0.33125,2.5633,0.57875,0.81169,914
LH_915,0.4418,0.7398,0.40109,0.46587,0.59502,1.1088,915
LH_916,0.451,0.7466,2.00277,0.25525,0.60165,0.50313,916
LH_917,0.3574,0.9794,0.80218,1.78757,1.13053,0.73458,917
LH_918,0.4954,0.659,1.15669,0.487,1.04464,0.56214,918
LH_919,0.1766,0.6966,0.28757,0.43227,0.58845,1.58118,919
LH_920,0.281,0.8526,0.64977,2.78562,0.65656,0.52888,920
LH_921,0.169,0.677,1.13131,0.76737,0.94934,1.12584,921
LH_922,0.2586,0.999,3.06949,1.21588,0.95727,1.96837,922
LH_923,0.349,0.6954,0.70809,2.88786,1.9711,1.18181,923
LH_924,0.3826,0.735,1.39668,0.74021,1.32593,1.81882,924
LH_925,0.3242,0.6334,0.58968,3.08656,1.84165,0.67408,925
LH_926,0.1694,0.817,2.14652,0.77164,0.7145,0.92083,926
LH_927,0.3098,0.9354,0.47107,0.84557,0.50104,1.28076,927
LH_928,0.2278,0.9238,0.72196,2.87986,1.80876,1.92519,928
LH_929,0.4934,0.6246,2.00834,2.98556,1.27899,0.75002,929
LH_930,0.2142,0.6374,2.2253,0.42279,1.59438,0.56292,930
LH_931,0.3746,0.6858,0.91637,0.32669,1.24057,0.81507,931
LH_932,0.4382,0.7038,1.55186,0.62157,1.26839,1.49381,932
LH_933,0.2474,0.9738,2.50012,0.43588,1.12272,1.03025,933
LH_934,0.3874,0.6298,1.53901,3.49671,1.43694,0.52668,934
LH_935,0.3738,0.8538,0.34628,0.27662,0.58116,0.67971,935
LH_936,0.2846,0.6238,0.48297,1.44393,0.80274,0.55287,936
LH_937,0.2642,0.9954,2.01391,0.41237,0.81507,0.83683,937
LH_938,0.2722,0.7014,2.57755,2.21914,0.64127,1.41716,938
LH_939,0.295,0.8718,1.21588,3.36359,0.84616,1.57243,939
LH_940,0.4474,0.9014,1.02385,1.59549,1.42109,1.49174,940
LH_941,0.1522,0.8114,1.2466,2.73208,0.88087,0.87721,941
LH_942,0.1454,0.6798,0.71598,3.67565,1.94936,0.96795,942
LH_943,0.4182,0.7314,0.25953,0.29813,1.15429,1.50212,943
LH_944,0.2126,0.6362,0.61814,1.68179,0.85204,1.54864,944
LH_945,0.4342,0.8346,2.60629,0.28283,0.88946,1.8908,945
LH_946,0.3822,0.6086,0.68682,0.44938,1.08298,0.87478,946
LH_947,0.4758,0.8322,1.07326,0.38689,1.33145,1.27015,947
LH_948,0.1146,0.8294,1.44794,0.46846,0.92338,1.58557,948
LH_949,0.243,0.9566,1.40444,0.85738,0.87236,0.57157,949
LH_950,0.3194,0.9578,2.66475,0.87418,0.67222,1.15749,950
LH_951,0.4094,0.7618,0.41351,2.39164,1.35754,1.43296,951
LH_952,0.4454,0.9774,1.01537,0.29159,0.59091,0.76578,952
LH_953,0.4434,0.7154,1.51362,0.80888,1.64148,1.2544,953
LH_954,0.141,0.707,2.80111,0.59791,0.96259,1.01185,954
LH_955,0.4278,0.8834,0.26832,0.66434,1.45902,1.09657,955
LH_956,0.345,0.9166,3.45815,1.65405,0.76791,0.64483,956
LH_957,0.2994,0.7646,1.02954,0.31864,0.83105,0.72648,957
LH_958,0.4346,0.925,0.45188,1.64947,1.457,0.84148,958
LH_959,0.4522,0.6462,0.59296,0.49931,0.52304,0.62807,959
LH_960,0.1426,0.7026,0.41466,1.07029,0.54224,0.78622,960
LH_961,0.2454,0.6162,1.72907,1.20581,1.38992,0.73969,961
LH_962,0.4554,0.7322,3.76853,3.41054,0.8072,1.29684,962
LH_963,0.2802,0.7874,0.54867,0.51051,1.232,0.55903,963
LH_964,0.1434,0.6982,1.44393,0.29321,1.00069,0.91067,964
LH_965,0.1482,0.9462,0.34724,0.31165,1.84933,0.66943,965
LH_966,0.2998,0.725,1.37364,1.04681,0.72146,1.95748,966
LH_967,0.3818,0.8998,0.80664,3.63511,0.58358,0.79169,967
LH_968,0.2578,0.9114,1.61328,0.34151,1.26138,0.61344,968
LH_969,0.211,0.8598,0.35998,1.29235,1.36699,1.43893,969
LH_970,0.343,0.8342,3.93947,1.428,0.74278,1.3463,970
LH_971,0.1714,0.7802,3.52592,3.02723,1.57462,0.57875,971
LH_972,0.3346,0.7862,2.27521,0.60794,1.10573,0.93498,972
LH_973,0.4946,0.9438,1.12506,1.00975,0.53999,0.60921,973
LH_974,0.153,0.7294,0.46846,3.20872,1.51257,0.94409,974
LH_975,0.4106,0.9346,3.66547,3.27161,1.01185,0.75838,975
LH_976,0.3258,0.7858,1.83783,3.15579,0.52888,0.59584,976
LH_977,0.4822,0.939,0.48835,3.17334,0.79059,1.24574,977
LH_978,0.2322,0.7786,3.25352,0.75262,1.1274,1.94396,978
LH_979,0.1026,0.867,0.41123,3.12098,0.67783,0.54525,979
LH_980,0.293,0.8406,0.31252,1.94801,0.75733,1.16231,980
LH_981,0.4834,0.7282,3.22657,3.78948,1.09051,0.51656,981
LH_982,0.265,0.9618,3.68586,0.60626,0.55133,1.39765,982
LH_983,0.3754,0.7302,0.71797,0.55942,0.71648,1.75443,983
LH_984,0.3626,0.8434,0.53071,1.21251,1.83655,0.76366,984
LH_985,0.4306,0.757,2.89588,0.34436,0.50313,1.57026,985
LH_986,0.4246,0.663,0.28126,0.49792,0.89317,1.3333,986
LH_987,0.2034,0.7714,0.2581,0.8409,1.22859,1.55079,987
LH_988,0.2054,0.7686,1.92119,0.27056,0.82416,0.56683,988
LH_989,0.3638,0.7162,2.26263,0.41928,1.97931,0.85916,989
LH_990,0.1406,0.9574,0.65157,0.48565,0.64752,0.53255,990
LH_991,0.4582,0.9798,1.04972,0.54111,1.17854,1.26839,991
LH_992,0.4194,0.9694,2.65737,0.25244,1.0403,1.93053,992
LH_993,0.4314,0.859,0.28917,1.20247,1.25963,0.59419,993
LH_994,0.4442,0.8226,0.55633,0.90375,1.39378,1.94936,994
LH_995,0.1342,0.7202,0.48163,0.25174,1.74231,0.76684,995
LH_996,0.1854,0.7978,0.30566,1.79751,1.51887,0.53403,996
LH_997,0.1582,0.7854,0.93952,2.23148,1.85446,1.32961,997
LH_998,0.3854,0.9778,0.93692,0.42869,1.48761,1.32042,998
LH_999,0.4322,0.6142,1.28521,0.35799,1.1591,0.86754,999